{"Step": 1000000, "Entropy Coefficient Loss": -0.002079273472038046, "Critic Loss": 432.2887252655032, "Actor Loss": 213.15608957672092, "Total score": 144.00144768510344, "success rate": 0.0, "_timestamp": 1712359893.521324, "_runtime": 39611.248500823975, "_step": 599, "success rate-0": 1.0, "success rate-1": 0.0, "success rate-2": 0.0, "success rate-3": 0.0, "success rate-4": 0.0, "average_performance": 0.2, "_wandb": {"runtime": 39610}}