{"Step": 358000, "Entropy Coefficient Loss": -0.041805584999616445, "Critic Loss": 3.7446093224882993, "Actor Loss": -37.01720040321345, "Total score": 1750.407622860847, "success rate": 1.0, "_timestamp": 1712373814.4113503, "_runtime": 13915.935364246368, "_step": 213, "success rate-0": 1.0, "success rate-1": 0.0, "success rate-2": 1.0, "success rate-3": 0.0, "success rate-4": 0.0, "average_performance": 0.4}