{"Step": 1000000, "Entropy Coefficient Loss": 0.00035764749845832377, "Critic Loss": 2.743514160752296, "Actor Loss": -48.32814621925355, "Total score": 1655.806800825206, "success rate": 1.0, "_timestamp": 1712320272.487965, "_runtime": 37511.08051109314, "_step": 599, "success rate-0": 1.0, "success rate-1": 0.0, "success rate-2": 0.0, "success rate-3": 0.0, "success rate-4": 0.0, "average_performance": 0.2, "_wandb": {"runtime": 37511}}